{
  "project_info": {
    "project_number": "899394966749",
    "firebase_url": "https://webapp-15b99-default-rtdb.firebaseio.com",
    "project_id": "webapp-15b99",
    "storage_bucket": "webapp-15b99.firebasestorage.app"
  },
  "client": [
    {
      "client_info": {
        "mobilesdk_app_id": "1:899394966749:android:a74ca40e5dcd0733d7b734",
        "android_client_info": {
          "package_name": "com.kaquenduri.prueba01_mqtt"
        }
      },
      "oauth_client": [],
      "api_key": [
        {
          "current_key": "AIzaSyAy8DDWIG0dQaJdn6UxudVoFpbtlqiqZkE"
        }
      ],
      "services": {
        "appinvite_service": {
          "other_platform_oauth_client": []
        }
      }
    }
  ],
  "configuration_version": "1"
}